{
  "Phase 1: Retrieval Parameters": {
    "chunk_Ratio A (Child 30 / Parent 150)": {
      "hit_at_3": 0.7333333333333333,
      "mrr": 0.5444444444444444
    },
    "chunk_Ratio B (Child 50 / Parent 200)": {
      "hit_at_3": 0.7333333333333333,
      "mrr": 0.5111111111111112
    },
    "chunk_Ratio C (Child 100 / Parent 500)": {
      "hit_at_3": 0.7333333333333333,
      "mrr": 0.5355555555555556
    },
    "ret_K_2": {
      "hit_at_3": 0.6,
      "mrr": 0.4666666666666667
    },
    "ret_K_3": {
      "hit_at_3": 0.7333333333333333,
      "mrr": 0.5111111111111112
    },
    "ret_K_5": {
      "hit_at_3": 0.7333333333333333,
      "mrr": 0.5111111111111112
    },
    "ret_K_8": {
      "hit_at_3": 0.7333333333333333,
      "mrr": 0.5111111111111112
    },
    "weight_dense_0.2": {
      "hit_at_3": 0.6666666666666666,
      "mrr": 0.5222222222222223
    },
    "weight_dense_0.5": {
      "hit_at_3": 0.7333333333333333,
      "mrr": 0.5111111111111112
    },
    "weight_dense_0.8": {
      "hit_at_3": 0.5333333333333333,
      "mrr": 0.4888888888888889
    },
    "quant_float32": {
      "hit_at_3": 0.7333333333333333,
      "mrr": 0.5111111111111112
    },
    "quant_int8": {
      "hit_at_3": 0.7333333333333333,
      "mrr": 0.5111111111111112
    },
    "quant_binary": {
      "hit_at_3": 0.7333333333333333,
      "mrr": 0.6
    }
  }
}